config,epoch,train_loss,sec,val_WAPE
cfg0_h64L1,1,0.20527216811468502,3.0,7.348586654073691
cfg0_h64L1,2,0.10916053100020184,2.8,6.1118269504443
cfg0_h64L1,3,0.08445527726181828,3.8,5.229870467264242
cfg0_h64L1,4,0.06814776941604346,2.9,4.808582164611979
cfg0_h64L1,5,0.059123410731997554,3.1,4.5520100728937205
cfg0_h64L1,6,0.05421489635784236,3.2,4.6489566285508666
cfg0_h64L1,7,0.05095496847533589,4.0,4.393155387874897
cfg0_h64L1,8,0.048638503417928976,3.1,4.177621891807954
cfg0_h64L1,9,0.04684739684008778,3.5,4.315237096606853
cfg0_h64L1,10,0.04545662672604548,3.3,4.109639550329263
cfg0_h64L1,11,0.04443596412317855,4.1,4.033148304988876
cfg0_h64L1,12,0.04335026496414522,3.8,4.077389839555242
cfg0_h64L1,13,0.042712005281098316,3.1,4.180817878957908
cfg0_h64L1,14,0.04195950402000717,3.2,4.155201970826331
cfg0_h64L1,15,0.04109114794470291,4.1,4.1217305925590795
cfg0_h64L1,16,0.04060517045707075,3.2,4.080863371469283
cfg0_h64L1,17,0.04018828775684948,3.0,4.186634794021947
cfg1_h128L1,1,0.20412277749535293,7.7,7.151861340039003
cfg1_h128L1,2,0.10410645795855338,6.9,5.817362940437562
cfg1_h128L1,3,0.07760028284169229,8.1,4.830894223655629
cfg1_h128L1,4,0.06259759136978807,7.2,4.532179601364581
cfg1_h128L1,5,0.054245576964809535,8.4,4.488747386234756
cfg1_h128L1,6,0.050866680226872095,6.7,4.677622258407704
cfg1_h128L1,7,0.04852559014565076,7.3,4.4437121814630025
cfg1_h128L1,8,0.046880836422557075,7.3,4.192597289847065
cfg1_h128L1,9,0.045504489122787435,6.9,4.182725254270495
cfg1_h128L1,10,0.044144038066529986,7.6,4.152921455702447
cfg1_h128L1,11,0.04311579976502095,6.8,4.0664071117599585
cfg1_h128L1,12,0.042355437005070065,8.0,4.226638562872726
cfg1_h128L1,13,0.041323757622894315,6.8,4.093783812927817
cfg1_h128L1,14,0.040407750369246154,8.0,4.273768645088045
cfg1_h128L1,15,0.03964756365761668,7.0,3.9840567757130505
cfg1_h128L1,16,0.039089602021332166,7.7,4.055359513218577
cfg1_h128L1,17,0.03854486890465742,7.2,4.09706826010069
cfg1_h128L1,18,0.03795652564648899,8.8,3.9829460962553314
cfg1_h128L1,19,0.037199763043606476,7.8,4.051867246049983
cfg1_h128L1,20,0.03674979459540709,7.0,4.087138332462211
cfg1_h128L1,21,0.036367051487475884,8.0,3.942957202501834
cfg1_h128L1,22,0.03602465224720424,6.9,4.012515479440884
cfg1_h128L1,23,0.03555612887852345,7.7,3.9962486187238424
cfg1_h128L1,24,0.035215949914898924,7.3,3.917410519947277
cfg1_h128L1,25,0.03477054673134165,7.6,4.030587020644989
cfg1_h128L1,26,0.03448674494382875,7.9,4.100067611045269
cfg1_h128L1,27,0.034139607230505666,7.1,4.070058757024142
cfg1_h128L1,28,0.03368527483982055,9.1,4.059248647414243
cfg1_h128L1,29,0.03346014855461169,7.7,4.0372611633726
cfg1_h128L1,30,0.03300001604025047,7.6,3.968311919184211
cfg2_h64L2,1,0.2301331207597746,11.5,7.770615424427707
cfg2_h64L2,2,0.11528812987187725,10.2,5.936076481757527
cfg2_h64L2,3,0.08530575223033293,10.8,4.94504978202642
cfg2_h64L2,4,0.07055231354087678,9.6,4.8182020148455615
cfg2_h64L2,5,0.061710071064960986,10.7,4.666799280583951
cfg2_h64L2,6,0.05680428043843065,14.2,4.748522359805799
cfg2_h64L2,7,0.05366742842819663,13.8,4.7090735962868955
cfg2_h64L2,8,0.05212341980581134,11.5,4.33663631937894
cfg2_h64L2,9,0.05020723859711461,11.3,4.367622984420236
cfg2_h64L2,10,0.0490284583388032,11.7,4.21802708769968
cfg2_h64L2,11,0.04757646419375008,11.6,4.1785749050022645
cfg2_h64L2,12,0.04664419685479775,9.5,4.313149478298806
cfg2_h64L2,13,0.04559435615125688,8.6,4.193032765523909
cfg2_h64L2,14,0.044592880408950014,9.2,4.385642100136353
cfg2_h64L2,15,0.04392607545429301,9.1,4.087705038997811
cfg2_h64L2,16,0.04330081428480581,9.3,4.152274625640201
cfg2_h64L2,17,0.04274510790289545,8.9,4.177575632925625
cfg2_h64L2,18,0.042392663719740806,8.4,4.07453914602938
cfg2_h64L2,19,0.04137363696831621,8.7,4.157980660786916
cfg2_h64L2,20,0.040818692411901114,9.0,4.085055444089088
cfg2_h64L2,21,0.0405461277370932,8.2,3.977007262535459
cfg2_h64L2,22,0.039923602286550564,9.7,4.134218907146732
cfg2_h64L2,23,0.039425215860585734,8.4,4.1243254604869595
cfg2_h64L2,24,0.03917859353911771,9.0,4.017993064707668
cfg2_h64L2,25,0.038946887908642196,9.2,3.9931972716036337
cfg2_h64L2,26,0.03853532524185023,8.3,4.098819740591739
cfg2_h64L2,27,0.03800299830368422,9.0,4.069241422500437
final,1,0.17157864127423852,12.4,
final,2,0.08019347150669337,10.0,
final,3,0.06101527745434997,11.0,
final,4,0.054323243501062705,11.3,
final,5,0.05102684150439643,9.9,
final,6,0.04878637470597849,11.4,
final,7,0.046976654025568707,11.6,
final,8,0.045776070050077534,10.3,
final,9,0.04458865208318963,10.9,
final,10,0.043384996979455075,11.2,
final,11,0.042582403171754886,10.3,
final,12,0.04190438475471656,11.8,
final,13,0.04107118710555192,11.5,
final,14,0.040462122599251964,11.7,
final,15,0.039583465851287844,10.5,
final,16,0.03916290002617585,11.5,
final,17,0.038443766467614895,11.1,
final,18,0.038141825717943015,10.3,
final,19,0.03738498081318985,11.4,
final,20,0.03695639961985696,12.3,
final,21,0.03654732104429903,10.7,
final,22,0.0360845226546621,14.5,
final,23,0.03582976537135242,14.9,
final,24,0.035531946958127655,12.5,
