date,dow,month,is_weekend,is_holiday,is_makeup_workday,is_offday,holiday_name,is_lny,is_typhoon,typhoon_name,is_nye
2023-01-01,6,1,1,0,0,1,開國紀念日,0,0,,0
2023-01-02,0,1,0,1,0,1,補假,0,0,,0
2023-01-03,1,1,0,0,0,0,,0,0,,0
2023-01-04,2,1,0,0,0,0,,0,0,,0
2023-01-05,3,1,0,0,0,0,,0,0,,0
2023-01-06,4,1,0,0,0,0,,0,0,,0
2023-01-07,5,1,1,0,1,0,,0,0,,0
2023-01-08,6,1,1,0,0,1,,0,0,,0
2023-01-09,0,1,0,0,0,0,,0,0,,0
2023-01-10,1,1,0,0,0,0,,0,0,,0
2023-01-11,2,1,0,0,0,0,,0,0,,0
2023-01-12,3,1,0,0,0,0,,0,0,,0
2023-01-13,4,1,0,0,0,0,,0,0,,0
2023-01-14,5,1,1,0,0,1,,0,0,,0
2023-01-15,6,1,1,0,0,1,,0,0,,0
2023-01-16,0,1,0,0,0,0,,0,0,,0
2023-01-17,1,1,0,0,0,0,,0,0,,0
2023-01-18,2,1,0,0,0,0,,0,0,,0
2023-01-19,3,1,0,0,0,0,,0,0,,0
2023-01-20,4,1,0,1,0,1,小年夜,0,0,,0
2023-01-21,5,1,1,0,0,1,農曆除夕,1,0,,0
2023-01-22,6,1,1,0,0,1,春節,1,0,,0
2023-01-23,0,1,0,1,0,1,春節,1,0,,0
2023-01-24,1,1,0,1,0,1,春節,1,0,,0
2023-01-25,2,1,0,1,0,1,補假,0,0,,0
2023-01-26,3,1,0,1,0,1,補假,0,0,,0
2023-01-27,4,1,0,1,0,1,調整放假,0,0,,0
2023-01-28,5,1,1,0,0,1,,0,0,,0
2023-01-29,6,1,1,0,0,1,,0,0,,0
2023-01-30,0,1,0,0,0,0,,0,0,,0
2023-01-31,1,1,0,0,0,0,,0,0,,0
2023-02-01,2,2,0,0,0,0,,0,0,,0
2023-02-02,3,2,0,0,0,0,,0,0,,0
2023-02-03,4,2,0,0,0,0,,0,0,,0
2023-02-04,5,2,1,0,1,0,,0,0,,0
2023-02-05,6,2,1,0,0,1,,0,0,,0
2023-02-06,0,2,0,0,0,0,,0,0,,0
2023-02-07,1,2,0,0,0,0,,0,0,,0
2023-02-08,2,2,0,0,0,0,,0,0,,0
2023-02-09,3,2,0,0,0,0,,0,0,,0
2023-02-10,4,2,0,0,0,0,,0,0,,0
2023-02-11,5,2,1,0,0,1,,0,0,,0
2023-02-12,6,2,1,0,0,1,,0,0,,0
2023-02-13,0,2,0,0,0,0,,0,0,,0
2023-02-14,1,2,0,0,0,0,,0,0,,0
2023-02-15,2,2,0,0,0,0,,0,0,,0
2023-02-16,3,2,0,0,0,0,,0,0,,0
2023-02-17,4,2,0,0,0,0,,0,0,,0
2023-02-18,5,2,1,0,1,0,,0,0,,0
2023-02-19,6,2,1,0,0,1,,0,0,,0
2023-02-20,0,2,0,0,0,0,,0,0,,0
2023-02-21,1,2,0,0,0,0,,0,0,,0
2023-02-22,2,2,0,0,0,0,,0,0,,0
2023-02-23,3,2,0,0,0,0,,0,0,,0
2023-02-24,4,2,0,0,0,0,,0,0,,0
2023-02-25,5,2,1,0,0,1,,0,0,,0
2023-02-26,6,2,1,0,0,1,,0,0,,0
2023-02-27,0,2,0,1,0,1,調整放假,0,0,,0
2023-02-28,1,2,0,1,0,1,和平紀念日,0,0,,0
2023-03-01,2,3,0,0,0,0,,0,0,,0
2023-03-02,3,3,0,0,0,0,,0,0,,0
2023-03-03,4,3,0,0,0,0,,0,0,,0
2023-03-04,5,3,1,0,0,1,,0,0,,0
2023-03-05,6,3,1,0,0,1,,0,0,,0
2023-03-06,0,3,0,0,0,0,,0,0,,0
2023-03-07,1,3,0,0,0,0,,0,0,,0
2023-03-08,2,3,0,0,0,0,,0,0,,0
2023-03-09,3,3,0,0,0,0,,0,0,,0
2023-03-10,4,3,0,0,0,0,,0,0,,0
2023-03-11,5,3,1,0,0,1,,0,0,,0
2023-03-12,6,3,1,0,0,1,,0,0,,0
2023-03-13,0,3,0,0,0,0,,0,0,,0
2023-03-14,1,3,0,0,0,0,,0,0,,0
2023-03-15,2,3,0,0,0,0,,0,0,,0
2023-03-16,3,3,0,0,0,0,,0,0,,0
2023-03-17,4,3,0,0,0,0,,0,0,,0
2023-03-18,5,3,1,0,0,1,,0,0,,0
2023-03-19,6,3,1,0,0,1,,0,0,,0
2023-03-20,0,3,0,0,0,0,,0,0,,0
2023-03-21,1,3,0,0,0,0,,0,0,,0
2023-03-22,2,3,0,0,0,0,,0,0,,0
2023-03-23,3,3,0,0,0,0,,0,0,,0
2023-03-24,4,3,0,0,0,0,,0,0,,0
2023-03-25,5,3,1,0,1,0,,0,0,,0
2023-03-26,6,3,1,0,0,1,,0,0,,0
2023-03-27,0,3,0,0,0,0,,0,0,,0
2023-03-28,1,3,0,0,0,0,,0,0,,0
2023-03-29,2,3,0,0,0,0,,0,0,,0
2023-03-30,3,3,0,0,0,0,,0,0,,0
2023-03-31,4,3,0,0,0,0,,0,0,,0
2023-04-01,5,4,1,0,0,1,,0,0,,0
2023-04-02,6,4,1,0,0,1,,0,0,,0
2023-04-03,0,4,0,1,0,1,調整放假,0,0,,0
2023-04-04,1,4,0,1,0,1,兒童節,0,0,,0
2023-04-05,2,4,0,1,0,1,民族掃墓節,0,0,,0
2023-04-06,3,4,0,0,0,0,,0,0,,0
2023-04-07,4,4,0,0,0,0,,0,0,,0
2023-04-08,5,4,1,0,0,1,,0,0,,0
2023-04-09,6,4,1,0,0,1,,0,0,,0
2023-04-10,0,4,0,0,0,0,,0,0,,0
2023-04-11,1,4,0,0,0,0,,0,0,,0
2023-04-12,2,4,0,0,0,0,,0,0,,0
2023-04-13,3,4,0,0,0,0,,0,0,,0
2023-04-14,4,4,0,0,0,0,,0,0,,0
2023-04-15,5,4,1,0,0,1,,0,0,,0
2023-04-16,6,4,1,0,0,1,,0,0,,0
2023-04-17,0,4,0,0,0,0,,0,0,,0
2023-04-18,1,4,0,0,0,0,,0,0,,0
2023-04-19,2,4,0,0,0,0,,0,0,,0
2023-04-20,3,4,0,0,0,0,,0,0,,0
2023-04-21,4,4,0,0,0,0,,0,0,,0
2023-04-22,5,4,1,0,0,1,,0,0,,0
2023-04-23,6,4,1,0,0,1,,0,0,,0
2023-04-24,0,4,0,0,0,0,,0,0,,0
2023-04-25,1,4,0,0,0,0,,0,0,,0
2023-04-26,2,4,0,0,0,0,,0,0,,0
2023-04-27,3,4,0,0,0,0,,0,0,,0
2023-04-28,4,4,0,0,0,0,,0,0,,0
2023-04-29,5,4,1,0,0,1,,0,0,,0
2023-04-30,6,4,1,0,0,1,,0,0,,0
2023-05-01,0,5,0,0,0,0,,0,0,,0
2023-05-02,1,5,0,0,0,0,,0,0,,0
2023-05-03,2,5,0,0,0,0,,0,0,,0
2023-05-04,3,5,0,0,0,0,,0,0,,0
2023-05-05,4,5,0,0,0,0,,0,0,,0
2023-05-06,5,5,1,0,0,1,,0,0,,0
2023-05-07,6,5,1,0,0,1,,0,0,,0
2023-05-08,0,5,0,0,0,0,,0,0,,0
2023-05-09,1,5,0,0,0,0,,0,0,,0
2023-05-10,2,5,0,0,0,0,,0,0,,0
2023-05-11,3,5,0,0,0,0,,0,0,,0
2023-05-12,4,5,0,0,0,0,,0,0,,0
2023-05-13,5,5,1,0,0,1,,0,0,,0
2023-05-14,6,5,1,0,0,1,,0,0,,0
2023-05-15,0,5,0,0,0,0,,0,0,,0
2023-05-16,1,5,0,0,0,0,,0,0,,0
2023-05-17,2,5,0,0,0,0,,0,0,,0
2023-05-18,3,5,0,0,0,0,,0,0,,0
2023-05-19,4,5,0,0,0,0,,0,0,,0
2023-05-20,5,5,1,0,0,1,,0,0,,0
2023-05-21,6,5,1,0,0,1,,0,0,,0
2023-05-22,0,5,0,0,0,0,,0,0,,0
2023-05-23,1,5,0,0,0,0,,0,0,,0
2023-05-24,2,5,0,0,0,0,,0,0,,0
2023-05-25,3,5,0,0,0,0,,0,0,,0
2023-05-26,4,5,0,0,0,0,,0,0,,0
2023-05-27,5,5,1,0,0,1,,0,0,,0
2023-05-28,6,5,1,0,0,1,,0,0,,0
2023-05-29,0,5,0,0,0,0,,0,0,,0
2023-05-30,1,5,0,0,0,0,,0,0,,0
2023-05-31,2,5,0,0,0,0,,0,0,,0
2023-06-01,3,6,0,0,0,0,,0,0,,0
2023-06-02,4,6,0,0,0,0,,0,0,,0
2023-06-03,5,6,1,0,0,1,,0,0,,0
2023-06-04,6,6,1,0,0,1,,0,0,,0
2023-06-05,0,6,0,0,0,0,,0,0,,0
2023-06-06,1,6,0,0,0,0,,0,0,,0
2023-06-07,2,6,0,0,0,0,,0,0,,0
2023-06-08,3,6,0,0,0,0,,0,0,,0
2023-06-09,4,6,0,0,0,0,,0,0,,0
2023-06-10,5,6,1,0,0,1,,0,0,,0
2023-06-11,6,6,1,0,0,1,,0,0,,0
2023-06-12,0,6,0,0,0,0,,0,0,,0
2023-06-13,1,6,0,0,0,0,,0,0,,0
2023-06-14,2,6,0,0,0,0,,0,0,,0
2023-06-15,3,6,0,0,0,0,,0,0,,0
2023-06-16,4,6,0,0,0,0,,0,0,,0
2023-06-17,5,6,1,0,1,0,,0,0,,0
2023-06-18,6,6,1,0,0,1,,0,0,,0
2023-06-19,0,6,0,0,0,0,,0,0,,0
2023-06-20,1,6,0,0,0,0,,0,0,,0
2023-06-21,2,6,0,0,0,0,,0,0,,0
2023-06-22,3,6,0,1,0,1,端午節,0,0,,0
2023-06-23,4,6,0,1,0,1,調整放假,0,0,,0
2023-06-24,5,6,1,0,0,1,,0,0,,0
2023-06-25,6,6,1,0,0,1,,0,0,,0
2023-06-26,0,6,0,0,0,0,,0,0,,0
2023-06-27,1,6,0,0,0,0,,0,0,,0
2023-06-28,2,6,0,0,0,0,,0,0,,0
2023-06-29,3,6,0,0,0,0,,0,0,,0
2023-06-30,4,6,0,0,0,0,,0,0,,0
2023-07-01,5,7,1,0,0,1,,0,0,,0
2023-07-02,6,7,1,0,0,1,,0,0,,0
2023-07-03,0,7,0,0,0,0,,0,0,,0
2023-07-04,1,7,0,0,0,0,,0,0,,0
2023-07-05,2,7,0,0,0,0,,0,0,,0
2023-07-06,3,7,0,0,0,0,,0,0,,0
2023-07-07,4,7,0,0,0,0,,0,0,,0
2023-07-08,5,7,1,0,0,1,,0,0,,0
2023-07-09,6,7,1,0,0,1,,0,0,,0
2023-07-10,0,7,0,0,0,0,,0,0,,0
2023-07-11,1,7,0,0,0,0,,0,0,,0
2023-07-12,2,7,0,0,0,0,,0,0,,0
2023-07-13,3,7,0,0,0,0,,0,0,,0
2023-07-14,4,7,0,0,0,0,,0,0,,0
2023-07-15,5,7,1,0,0,1,,0,0,,0
2023-07-16,6,7,1,0,0,1,,0,0,,0
2023-07-17,0,7,0,0,0,0,,0,0,,0
2023-07-18,1,7,0,0,0,0,,0,0,,0
2023-07-19,2,7,0,0,0,0,,0,0,,0
2023-07-20,3,7,0,0,0,0,,0,0,,0
2023-07-21,4,7,0,0,0,0,,0,0,,0
2023-07-22,5,7,1,0,0,1,,0,0,,0
2023-07-23,6,7,1,0,0,1,,0,0,,0
2023-07-24,0,7,0,0,0,0,,0,0,,0
2023-07-25,1,7,0,0,0,0,,0,0,,0
2023-07-26,2,7,0,0,0,0,,0,0,,0
2023-07-27,3,7,0,0,0,0,,0,0,,0
2023-07-28,4,7,0,0,0,0,,0,0,,0
2023-07-29,5,7,1,0,0,1,,0,0,,0
2023-07-30,6,7,1,0,0,1,,0,0,,0
2023-07-31,0,7,0,0,0,0,,0,0,,0
2023-08-01,1,8,0,0,0,0,,0,0,,0
2023-08-02,2,8,0,0,0,0,,0,0,,0
2023-08-03,3,8,0,0,0,0,,0,1,卡努,0
2023-08-04,4,8,0,0,0,0,,0,0,,0
2023-08-05,5,8,1,0,0,1,,0,0,,0
2023-08-06,6,8,1,0,0,1,,0,0,,0
2023-08-07,0,8,0,0,0,0,,0,0,,0
2023-08-08,1,8,0,0,0,0,,0,0,,0
2023-08-09,2,8,0,0,0,0,,0,0,,0
2023-08-10,3,8,0,0,0,0,,0,0,,0
2023-08-11,4,8,0,0,0,0,,0,0,,0
2023-08-12,5,8,1,0,0,1,,0,0,,0
2023-08-13,6,8,1,0,0,1,,0,0,,0
2023-08-14,0,8,0,0,0,0,,0,0,,0
2023-08-15,1,8,0,0,0,0,,0,0,,0
2023-08-16,2,8,0,0,0,0,,0,0,,0
2023-08-17,3,8,0,0,0,0,,0,0,,0
2023-08-18,4,8,0,0,0,0,,0,0,,0
2023-08-19,5,8,1,0,0,1,,0,0,,0
2023-08-20,6,8,1,0,0,1,,0,0,,0
2023-08-21,0,8,0,0,0,0,,0,0,,0
2023-08-22,1,8,0,0,0,0,,0,0,,0
2023-08-23,2,8,0,0,0,0,,0,0,,0
2023-08-24,3,8,0,0,0,0,,0,0,,0
2023-08-25,4,8,0,0,0,0,,0,0,,0
2023-08-26,5,8,1,0,0,1,,0,0,,0
2023-08-27,6,8,1,0,0,1,,0,0,,0
2023-08-28,0,8,0,0,0,0,,0,0,,0
2023-08-29,1,8,0,0,0,0,,0,0,,0
2023-08-30,2,8,0,0,0,0,,0,0,,0
2023-08-31,3,8,0,0,0,0,,0,0,,0
2023-09-01,4,9,0,0,0,0,,0,0,,0
2023-09-02,5,9,1,0,0,1,,0,0,,0
2023-09-03,6,9,1,0,0,1,,0,0,,0
2023-09-04,0,9,0,0,0,0,,0,0,,0
2023-09-05,1,9,0,0,0,0,,0,0,,0
2023-09-06,2,9,0,0,0,0,,0,0,,0
2023-09-07,3,9,0,0,0,0,,0,0,,0
2023-09-08,4,9,0,0,0,0,,0,0,,0
2023-09-09,5,9,1,0,0,1,,0,0,,0
2023-09-10,6,9,1,0,0,1,,0,0,,0
2023-09-11,0,9,0,0,0,0,,0,0,,0
2023-09-12,1,9,0,0,0,0,,0,0,,0
2023-09-13,2,9,0,0,0,0,,0,0,,0
2023-09-14,3,9,0,0,0,0,,0,0,,0
2023-09-15,4,9,0,0,0,0,,0,0,,0
2023-09-16,5,9,1,0,0,1,,0,0,,0
2023-09-17,6,9,1,0,0,1,,0,0,,0
2023-09-18,0,9,0,0,0,0,,0,0,,0
2023-09-19,1,9,0,0,0,0,,0,0,,0
2023-09-20,2,9,0,0,0,0,,0,0,,0
2023-09-21,3,9,0,0,0,0,,0,0,,0
2023-09-22,4,9,0,0,0,0,,0,0,,0
2023-09-23,5,9,1,0,1,0,,0,0,,0
2023-09-24,6,9,1,0,0,1,,0,0,,0
2023-09-25,0,9,0,0,0,0,,0,0,,0
2023-09-26,1,9,0,0,0,0,,0,0,,0
2023-09-27,2,9,0,0,0,0,,0,0,,0
2023-09-28,3,9,0,0,0,0,,0,0,,0
2023-09-29,4,9,0,1,0,1,中秋節,0,0,,0
2023-09-30,5,9,1,0,0,1,,0,0,,0
2023-10-01,6,10,1,0,0,1,,0,0,,0
2023-10-02,0,10,0,0,0,0,,0,0,,0
2023-10-03,1,10,0,0,0,0,,0,0,,0
2023-10-04,2,10,0,0,0,0,,0,0,,0
2023-10-05,3,10,0,0,0,0,,0,0,,0
2023-10-06,4,10,0,0,0,0,,0,0,,0
2023-10-07,5,10,1,0,0,1,,0,0,,0
2023-10-08,6,10,1,0,0,1,,0,0,,0
2023-10-09,0,10,0,1,0,1,調整放假,0,0,,0
2023-10-10,1,10,0,1,0,1,國慶日,0,0,,0
2023-10-11,2,10,0,0,0,0,,0,0,,0
2023-10-12,3,10,0,0,0,0,,0,0,,0
2023-10-13,4,10,0,0,0,0,,0,0,,0
2023-10-14,5,10,1,0,0,1,,0,0,,0
2023-10-15,6,10,1,0,0,1,,0,0,,0
2023-10-16,0,10,0,0,0,0,,0,0,,0
2023-10-17,1,10,0,0,0,0,,0,0,,0
2023-10-18,2,10,0,0,0,0,,0,0,,0
2023-10-19,3,10,0,0,0,0,,0,0,,0
2023-10-20,4,10,0,0,0,0,,0,0,,0
2023-10-21,5,10,1,0,0,1,,0,0,,0
2023-10-22,6,10,1,0,0,1,,0,0,,0
2023-10-23,0,10,0,0,0,0,,0,0,,0
2023-10-24,1,10,0,0,0,0,,0,0,,0
2023-10-25,2,10,0,0,0,0,,0,0,,0
2023-10-26,3,10,0,0,0,0,,0,0,,0
2023-10-27,4,10,0,0,0,0,,0,0,,0
2023-10-28,5,10,1,0,0,1,,0,0,,0
2023-10-29,6,10,1,0,0,1,,0,0,,0
2023-10-30,0,10,0,0,0,0,,0,0,,0
2023-10-31,1,10,0,0,0,0,,0,0,,0
2023-11-01,2,11,0,0,0,0,,0,0,,0
2023-11-02,3,11,0,0,0,0,,0,0,,0
2023-11-03,4,11,0,0,0,0,,0,0,,0
2023-11-04,5,11,1,0,0,1,,0,0,,0
2023-11-05,6,11,1,0,0,1,,0,0,,0
2023-11-06,0,11,0,0,0,0,,0,0,,0
2023-11-07,1,11,0,0,0,0,,0,0,,0
2023-11-08,2,11,0,0,0,0,,0,0,,0
2023-11-09,3,11,0,0,0,0,,0,0,,0
2023-11-10,4,11,0,0,0,0,,0,0,,0
2023-11-11,5,11,1,0,0,1,,0,0,,0
2023-11-12,6,11,1,0,0,1,,0,0,,0
2023-11-13,0,11,0,0,0,0,,0,0,,0
2023-11-14,1,11,0,0,0,0,,0,0,,0
2023-11-15,2,11,0,0,0,0,,0,0,,0
2023-11-16,3,11,0,0,0,0,,0,0,,0
2023-11-17,4,11,0,0,0,0,,0,0,,0
2023-11-18,5,11,1,0,0,1,,0,0,,0
2023-11-19,6,11,1,0,0,1,,0,0,,0
2023-11-20,0,11,0,0,0,0,,0,0,,0
2023-11-21,1,11,0,0,0,0,,0,0,,0
2023-11-22,2,11,0,0,0,0,,0,0,,0
2023-11-23,3,11,0,0,0,0,,0,0,,0
2023-11-24,4,11,0,0,0,0,,0,0,,0
2023-11-25,5,11,1,0,0,1,,0,0,,0
2023-11-26,6,11,1,0,0,1,,0,0,,0
2023-11-27,0,11,0,0,0,0,,0,0,,0
2023-11-28,1,11,0,0,0,0,,0,0,,0
2023-11-29,2,11,0,0,0,0,,0,0,,0
2023-11-30,3,11,0,0,0,0,,0,0,,0
2023-12-01,4,12,0,0,0,0,,0,0,,0
2023-12-02,5,12,1,0,0,1,,0,0,,0
2023-12-03,6,12,1,0,0,1,,0,0,,0
2023-12-04,0,12,0,0,0,0,,0,0,,0
2023-12-05,1,12,0,0,0,0,,0,0,,0
2023-12-06,2,12,0,0,0,0,,0,0,,0
2023-12-07,3,12,0,0,0,0,,0,0,,0
2023-12-08,4,12,0,0,0,0,,0,0,,0
2023-12-09,5,12,1,0,0,1,,0,0,,0
2023-12-10,6,12,1,0,0,1,,0,0,,0
2023-12-11,0,12,0,0,0,0,,0,0,,0
2023-12-12,1,12,0,0,0,0,,0,0,,0
2023-12-13,2,12,0,0,0,0,,0,0,,0
2023-12-14,3,12,0,0,0,0,,0,0,,0
2023-12-15,4,12,0,0,0,0,,0,0,,0
2023-12-16,5,12,1,0,0,1,,0,0,,0
2023-12-17,6,12,1,0,0,1,,0,0,,0
2023-12-18,0,12,0,0,0,0,,0,0,,0
2023-12-19,1,12,0,0,0,0,,0,0,,0
2023-12-20,2,12,0,0,0,0,,0,0,,0
2023-12-21,3,12,0,0,0,0,,0,0,,0
2023-12-22,4,12,0,0,0,0,,0,0,,0
2023-12-23,5,12,1,0,0,1,,0,0,,0
2023-12-24,6,12,1,0,0,1,,0,0,,0
2023-12-25,0,12,0,0,0,0,,0,0,,0
2023-12-26,1,12,0,0,0,0,,0,0,,0
2023-12-27,2,12,0,0,0,0,,0,0,,0
2023-12-28,3,12,0,0,0,0,,0,0,,0
2023-12-29,4,12,0,0,0,0,,0,0,,0
2023-12-30,5,12,1,0,0,1,,0,0,,0
2023-12-31,6,12,1,0,0,1,,0,0,,1
2024-01-01,0,1,0,1,0,1,開國紀念日,0,0,,0
2024-01-02,1,1,0,0,0,0,,0,0,,0
2024-01-03,2,1,0,0,0,0,,0,0,,0
2024-01-04,3,1,0,0,0,0,,0,0,,0
2024-01-05,4,1,0,0,0,0,,0,0,,0
2024-01-06,5,1,1,0,0,1,,0,0,,0
2024-01-07,6,1,1,0,0,1,,0,0,,0
2024-01-08,0,1,0,0,0,0,,0,0,,0
2024-01-09,1,1,0,0,0,0,,0,0,,0
2024-01-10,2,1,0,0,0,0,,0,0,,0
2024-01-11,3,1,0,0,0,0,,0,0,,0
2024-01-12,4,1,0,0,0,0,,0,0,,0
2024-01-13,5,1,1,0,0,1,,0,0,,0
2024-01-14,6,1,1,0,0,1,,0,0,,0
2024-01-15,0,1,0,0,0,0,,0,0,,0
2024-01-16,1,1,0,0,0,0,,0,0,,0
2024-01-17,2,1,0,0,0,0,,0,0,,0
2024-01-18,3,1,0,0,0,0,,0,0,,0
2024-01-19,4,1,0,0,0,0,,0,0,,0
2024-01-20,5,1,1,0,0,1,,0,0,,0
2024-01-21,6,1,1,0,0,1,,0,0,,0
2024-01-22,0,1,0,0,0,0,,0,0,,0
2024-01-23,1,1,0,0,0,0,,0,0,,0
2024-01-24,2,1,0,0,0,0,,0,0,,0
2024-01-25,3,1,0,0,0,0,,0,0,,0
2024-01-26,4,1,0,0,0,0,,0,0,,0
2024-01-27,5,1,1,0,0,1,,0,0,,0
2024-01-28,6,1,1,0,0,1,,0,0,,0
2024-01-29,0,1,0,0,0,0,,0,0,,0
2024-01-30,1,1,0,0,0,0,,0,0,,0
2024-01-31,2,1,0,0,0,0,,0,0,,0
2024-02-01,3,2,0,0,0,0,,0,0,,0
2024-02-02,4,2,0,0,0,0,,0,0,,0
2024-02-03,5,2,1,0,0,1,,0,0,,0
2024-02-04,6,2,1,0,0,1,,0,0,,0
2024-02-05,0,2,0,0,0,0,,0,0,,0
2024-02-06,1,2,0,0,0,0,,0,0,,0
2024-02-07,2,2,0,0,0,0,,0,0,,0
2024-02-08,3,2,0,1,0,1,小年夜,0,0,,0
2024-02-09,4,2,0,1,0,1,農曆除夕,1,0,,0
2024-02-10,5,2,1,0,0,1,春節,1,0,,0
2024-02-11,6,2,1,0,0,1,春節,1,0,,0
2024-02-12,0,2,0,1,0,1,春節,1,0,,0
2024-02-13,1,2,0,1,0,1,補假,0,0,,0
2024-02-14,2,2,0,1,0,1,補假,0,0,,0
2024-02-15,3,2,0,0,0,0,,0,0,,0
2024-02-16,4,2,0,0,0,0,,0,0,,0
2024-02-17,5,2,1,0,1,0,,0,0,,0
2024-02-18,6,2,1,0,0,1,,0,0,,0
2024-02-19,0,2,0,0,0,0,,0,0,,0
2024-02-20,1,2,0,0,0,0,,0,0,,0
2024-02-21,2,2,0,0,0,0,,0,0,,0
2024-02-22,3,2,0,0,0,0,,0,0,,0
2024-02-23,4,2,0,0,0,0,,0,0,,0
2024-02-24,5,2,1,0,0,1,,0,0,,0
2024-02-25,6,2,1,0,0,1,,0,0,,0
2024-02-26,0,2,0,0,0,0,,0,0,,0
2024-02-27,1,2,0,0,0,0,,0,0,,0
2024-02-28,2,2,0,1,0,1,和平紀念日,0,0,,0
2024-02-29,3,2,0,0,0,0,,0,0,,0
2024-03-01,4,3,0,0,0,0,,0,0,,0
2024-03-02,5,3,1,0,0,1,,0,0,,0
2024-03-03,6,3,1,0,0,1,,0,0,,0
2024-03-04,0,3,0,0,0,0,,0,0,,0
2024-03-05,1,3,0,0,0,0,,0,0,,0
2024-03-06,2,3,0,0,0,0,,0,0,,0
2024-03-07,3,3,0,0,0,0,,0,0,,0
2024-03-08,4,3,0,0,0,0,,0,0,,0
2024-03-09,5,3,1,0,0,1,,0,0,,0
2024-03-10,6,3,1,0,0,1,,0,0,,0
2024-03-11,0,3,0,0,0,0,,0,0,,0
2024-03-12,1,3,0,0,0,0,,0,0,,0
2024-03-13,2,3,0,0,0,0,,0,0,,0
2024-03-14,3,3,0,0,0,0,,0,0,,0
2024-03-15,4,3,0,0,0,0,,0,0,,0
2024-03-16,5,3,1,0,0,1,,0,0,,0
2024-03-17,6,3,1,0,0,1,,0,0,,0
2024-03-18,0,3,0,0,0,0,,0,0,,0
2024-03-19,1,3,0,0,0,0,,0,0,,0
2024-03-20,2,3,0,0,0,0,,0,0,,0
2024-03-21,3,3,0,0,0,0,,0,0,,0
2024-03-22,4,3,0,0,0,0,,0,0,,0
2024-03-23,5,3,1,0,0,1,,0,0,,0
2024-03-24,6,3,1,0,0,1,,0,0,,0
2024-03-25,0,3,0,0,0,0,,0,0,,0
2024-03-26,1,3,0,0,0,0,,0,0,,0
2024-03-27,2,3,0,0,0,0,,0,0,,0
2024-03-28,3,3,0,0,0,0,,0,0,,0
2024-03-29,4,3,0,0,0,0,,0,0,,0
2024-03-30,5,3,1,0,0,1,,0,0,,0
2024-03-31,6,3,1,0,0,1,,0,0,,0
2024-04-01,0,4,0,0,0,0,,0,0,,0
2024-04-02,1,4,0,0,0,0,,0,0,,0
2024-04-03,2,4,0,0,0,0,,0,0,,0
2024-04-04,3,4,0,1,0,1,兒童節及民族掃墓節,0,0,,0
2024-04-05,4,4,0,1,0,1,補假,0,0,,0
2024-04-06,5,4,1,0,0,1,,0,0,,0
2024-04-07,6,4,1,0,0,1,,0,0,,0
2024-04-08,0,4,0,0,0,0,,0,0,,0
2024-04-09,1,4,0,0,0,0,,0,0,,0
2024-04-10,2,4,0,0,0,0,,0,0,,0
2024-04-11,3,4,0,0,0,0,,0,0,,0
2024-04-12,4,4,0,0,0,0,,0,0,,0
2024-04-13,5,4,1,0,0,1,,0,0,,0
2024-04-14,6,4,1,0,0,1,,0,0,,0
2024-04-15,0,4,0,0,0,0,,0,0,,0
2024-04-16,1,4,0,0,0,0,,0,0,,0
2024-04-17,2,4,0,0,0,0,,0,0,,0
2024-04-18,3,4,0,0,0,0,,0,0,,0
2024-04-19,4,4,0,0,0,0,,0,0,,0
2024-04-20,5,4,1,0,0,1,,0,0,,0
2024-04-21,6,4,1,0,0,1,,0,0,,0
2024-04-22,0,4,0,0,0,0,,0,0,,0
2024-04-23,1,4,0,0,0,0,,0,0,,0
2024-04-24,2,4,0,0,0,0,,0,0,,0
2024-04-25,3,4,0,0,0,0,,0,0,,0
2024-04-26,4,4,0,0,0,0,,0,0,,0
2024-04-27,5,4,1,0,0,1,,0,0,,0
2024-04-28,6,4,1,0,0,1,,0,0,,0
2024-04-29,0,4,0,0,0,0,,0,0,,0
2024-04-30,1,4,0,0,0,0,,0,0,,0
2024-05-01,2,5,0,0,0,0,,0,0,,0
2024-05-02,3,5,0,0,0,0,,0,0,,0
2024-05-03,4,5,0,0,0,0,,0,0,,0
2024-05-04,5,5,1,0,0,1,,0,0,,0
2024-05-05,6,5,1,0,0,1,,0,0,,0
2024-05-06,0,5,0,0,0,0,,0,0,,0
2024-05-07,1,5,0,0,0,0,,0,0,,0
2024-05-08,2,5,0,0,0,0,,0,0,,0
2024-05-09,3,5,0,0,0,0,,0,0,,0
2024-05-10,4,5,0,0,0,0,,0,0,,0
2024-05-11,5,5,1,0,0,1,,0,0,,0
2024-05-12,6,5,1,0,0,1,,0,0,,0
2024-05-13,0,5,0,0,0,0,,0,0,,0
2024-05-14,1,5,0,0,0,0,,0,0,,0
2024-05-15,2,5,0,0,0,0,,0,0,,0
2024-05-16,3,5,0,0,0,0,,0,0,,0
2024-05-17,4,5,0,0,0,0,,0,0,,0
2024-05-18,5,5,1,0,0,1,,0,0,,0
2024-05-19,6,5,1,0,0,1,,0,0,,0
2024-05-20,0,5,0,0,0,0,,0,0,,0
2024-05-21,1,5,0,0,0,0,,0,0,,0
2024-05-22,2,5,0,0,0,0,,0,0,,0
2024-05-23,3,5,0,0,0,0,,0,0,,0
2024-05-24,4,5,0,0,0,0,,0,0,,0
2024-05-25,5,5,1,0,0,1,,0,0,,0
2024-05-26,6,5,1,0,0,1,,0,0,,0
2024-05-27,0,5,0,0,0,0,,0,0,,0
2024-05-28,1,5,0,0,0,0,,0,0,,0
2024-05-29,2,5,0,0,0,0,,0,0,,0
2024-05-30,3,5,0,0,0,0,,0,0,,0
2024-05-31,4,5,0,0,0,0,,0,0,,0
2024-06-01,5,6,1,0,0,1,,0,0,,0
2024-06-02,6,6,1,0,0,1,,0,0,,0
2024-06-03,0,6,0,0,0,0,,0,0,,0
2024-06-04,1,6,0,0,0,0,,0,0,,0
2024-06-05,2,6,0,0,0,0,,0,0,,0
2024-06-06,3,6,0,0,0,0,,0,0,,0
2024-06-07,4,6,0,0,0,0,,0,0,,0
2024-06-08,5,6,1,0,0,1,,0,0,,0
2024-06-09,6,6,1,0,0,1,,0,0,,0
2024-06-10,0,6,0,1,0,1,端午節,0,0,,0
2024-06-11,1,6,0,0,0,0,,0,0,,0
2024-06-12,2,6,0,0,0,0,,0,0,,0
2024-06-13,3,6,0,0,0,0,,0,0,,0
2024-06-14,4,6,0,0,0,0,,0,0,,0
2024-06-15,5,6,1,0,0,1,,0,0,,0
2024-06-16,6,6,1,0,0,1,,0,0,,0
2024-06-17,0,6,0,0,0,0,,0,0,,0
2024-06-18,1,6,0,0,0,0,,0,0,,0
2024-06-19,2,6,0,0,0,0,,0,0,,0
2024-06-20,3,6,0,0,0,0,,0,0,,0
2024-06-21,4,6,0,0,0,0,,0,0,,0
2024-06-22,5,6,1,0,0,1,,0,0,,0
2024-06-23,6,6,1,0,0,1,,0,0,,0
2024-06-24,0,6,0,0,0,0,,0,0,,0
2024-06-25,1,6,0,0,0,0,,0,0,,0
2024-06-26,2,6,0,0,0,0,,0,0,,0
2024-06-27,3,6,0,0,0,0,,0,0,,0
2024-06-28,4,6,0,0,0,0,,0,0,,0
2024-06-29,5,6,1,0,0,1,,0,0,,0
2024-06-30,6,6,1,0,0,1,,0,0,,0
2024-07-01,0,7,0,0,0,0,,0,0,,0
2024-07-02,1,7,0,0,0,0,,0,0,,0
2024-07-03,2,7,0,0,0,0,,0,0,,0
2024-07-04,3,7,0,0,0,0,,0,0,,0
2024-07-05,4,7,0,0,0,0,,0,0,,0
2024-07-06,5,7,1,0,0,1,,0,0,,0
2024-07-07,6,7,1,0,0,1,,0,0,,0
2024-07-08,0,7,0,0,0,0,,0,0,,0
2024-07-09,1,7,0,0,0,0,,0,0,,0
2024-07-10,2,7,0,0,0,0,,0,0,,0
2024-07-11,3,7,0,0,0,0,,0,0,,0
2024-07-12,4,7,0,0,0,0,,0,0,,0
2024-07-13,5,7,1,0,0,1,,0,0,,0
2024-07-14,6,7,1,0,0,1,,0,0,,0
2024-07-15,0,7,0,0,0,0,,0,0,,0
2024-07-16,1,7,0,0,0,0,,0,0,,0
2024-07-17,2,7,0,0,0,0,,0,0,,0
2024-07-18,3,7,0,0,0,0,,0,0,,0
2024-07-19,4,7,0,0,0,0,,0,0,,0
2024-07-20,5,7,1,0,0,1,,0,0,,0
2024-07-21,6,7,1,0,0,1,,0,0,,0
2024-07-22,0,7,0,0,0,0,,0,0,,0
2024-07-23,1,7,0,0,0,0,,0,0,,0
2024-07-24,2,7,0,0,0,0,,0,1,凱米,0
2024-07-25,3,7,0,0,0,0,,0,1,凱米,0
2024-07-26,4,7,0,0,0,0,,0,0,,0
2024-07-27,5,7,1,0,0,1,,0,0,,0
2024-07-28,6,7,1,0,0,1,,0,0,,0
2024-07-29,0,7,0,0,0,0,,0,0,,0
2024-07-30,1,7,0,0,0,0,,0,0,,0
2024-07-31,2,7,0,0,0,0,,0,0,,0
2024-08-01,3,8,0,0,0,0,,0,0,,0
2024-08-02,4,8,0,0,0,0,,0,0,,0
2024-08-03,5,8,1,0,0,1,,0,0,,0
2024-08-04,6,8,1,0,0,1,,0,0,,0
2024-08-05,0,8,0,0,0,0,,0,0,,0
2024-08-06,1,8,0,0,0,0,,0,0,,0
2024-08-07,2,8,0,0,0,0,,0,0,,0
2024-08-08,3,8,0,0,0,0,,0,0,,0
2024-08-09,4,8,0,0,0,0,,0,0,,0
2024-08-10,5,8,1,0,0,1,,0,0,,0
2024-08-11,6,8,1,0,0,1,,0,0,,0
2024-08-12,0,8,0,0,0,0,,0,0,,0
2024-08-13,1,8,0,0,0,0,,0,0,,0
2024-08-14,2,8,0,0,0,0,,0,0,,0
2024-08-15,3,8,0,0,0,0,,0,0,,0
2024-08-16,4,8,0,0,0,0,,0,0,,0
2024-08-17,5,8,1,0,0,1,,0,0,,0
2024-08-18,6,8,1,0,0,1,,0,0,,0
2024-08-19,0,8,0,0,0,0,,0,0,,0
2024-08-20,1,8,0,0,0,0,,0,0,,0
2024-08-21,2,8,0,0,0,0,,0,0,,0
2024-08-22,3,8,0,0,0,0,,0,0,,0
2024-08-23,4,8,0,0,0,0,,0,0,,0
2024-08-24,5,8,1,0,0,1,,0,0,,0
2024-08-25,6,8,1,0,0,1,,0,0,,0
2024-08-26,0,8,0,0,0,0,,0,0,,0
2024-08-27,1,8,0,0,0,0,,0,0,,0
2024-08-28,2,8,0,0,0,0,,0,0,,0
2024-08-29,3,8,0,0,0,0,,0,0,,0
2024-08-30,4,8,0,0,0,0,,0,0,,0
2024-08-31,5,8,1,0,0,1,,0,0,,0
2024-09-01,6,9,1,0,0,1,,0,0,,0
2024-09-02,0,9,0,0,0,0,,0,0,,0
2024-09-03,1,9,0,0,0,0,,0,0,,0
2024-09-04,2,9,0,0,0,0,,0,0,,0
2024-09-05,3,9,0,0,0,0,,0,0,,0
2024-09-06,4,9,0,0,0,0,,0,0,,0
2024-09-07,5,9,1,0,0,1,,0,0,,0
2024-09-08,6,9,1,0,0,1,,0,0,,0
2024-09-09,0,9,0,0,0,0,,0,0,,0
2024-09-10,1,9,0,0,0,0,,0,0,,0
2024-09-11,2,9,0,0,0,0,,0,0,,0
2024-09-12,3,9,0,0,0,0,,0,0,,0
2024-09-13,4,9,0,0,0,0,,0,0,,0
2024-09-14,5,9,1,0,0,1,,0,0,,0
2024-09-15,6,9,1,0,0,1,,0,0,,0
2024-09-16,0,9,0,0,0,0,,0,0,,0
2024-09-17,1,9,0,1,0,1,中秋節,0,0,,0
2024-09-18,2,9,0,0,0,0,,0,0,,0
2024-09-19,3,9,0,0,0,0,,0,0,,0
2024-09-20,4,9,0,0,0,0,,0,0,,0
2024-09-21,5,9,1,0,0,1,,0,0,,0
2024-09-22,6,9,1,0,0,1,,0,0,,0
2024-09-23,0,9,0,0,0,0,,0,0,,0
2024-09-24,1,9,0,0,0,0,,0,0,,0
2024-09-25,2,9,0,0,0,0,,0,0,,0
2024-09-26,3,9,0,0,0,0,,0,0,,0
2024-09-27,4,9,0,0,0,0,,0,0,,0
2024-09-28,5,9,1,0,0,1,,0,0,,0
2024-09-29,6,9,1,0,0,1,,0,0,,0
2024-09-30,0,9,0,0,0,0,,0,0,,0
2024-10-01,1,10,0,0,0,0,,0,0,,0
2024-10-02,2,10,0,0,0,0,,0,1,山陀兒,0
2024-10-03,3,10,0,0,0,0,,0,1,山陀兒,0
2024-10-04,4,10,0,0,0,0,,0,0,,0
2024-10-05,5,10,1,0,0,1,,0,0,,0
2024-10-06,6,10,1,0,0,1,,0,0,,0
2024-10-07,0,10,0,0,0,0,,0,0,,0
2024-10-08,1,10,0,0,0,0,,0,0,,0
2024-10-09,2,10,0,0,0,0,,0,0,,0
2024-10-10,3,10,0,1,0,1,國慶日,0,0,,0
2024-10-11,4,10,0,0,0,0,,0,0,,0
2024-10-12,5,10,1,0,0,1,,0,0,,0
2024-10-13,6,10,1,0,0,1,,0,0,,0
2024-10-14,0,10,0,0,0,0,,0,0,,0
2024-10-15,1,10,0,0,0,0,,0,0,,0
2024-10-16,2,10,0,0,0,0,,0,0,,0
2024-10-17,3,10,0,0,0,0,,0,0,,0
2024-10-18,4,10,0,0,0,0,,0,0,,0
2024-10-19,5,10,1,0,0,1,,0,0,,0
2024-10-20,6,10,1,0,0,1,,0,0,,0
2024-10-21,0,10,0,0,0,0,,0,0,,0
2024-10-22,1,10,0,0,0,0,,0,0,,0
2024-10-23,2,10,0,0,0,0,,0,0,,0
2024-10-24,3,10,0,0,0,0,,0,0,,0
2024-10-25,4,10,0,0,0,0,,0,0,,0
2024-10-26,5,10,1,0,0,1,,0,0,,0
2024-10-27,6,10,1,0,0,1,,0,0,,0
2024-10-28,0,10,0,0,0,0,,0,0,,0
2024-10-29,1,10,0,0,0,0,,0,0,,0
2024-10-30,2,10,0,0,0,0,,0,0,,0
2024-10-31,3,10,0,0,0,0,,0,1,康芮,0
2024-11-01,4,11,0,0,0,0,,0,0,,0
2024-11-02,5,11,1,0,0,1,,0,0,,0
2024-11-03,6,11,1,0,0,1,,0,0,,0
2024-11-04,0,11,0,0,0,0,,0,0,,0
2024-11-05,1,11,0,0,0,0,,0,0,,0
2024-11-06,2,11,0,0,0,0,,0,0,,0
2024-11-07,3,11,0,0,0,0,,0,0,,0
2024-11-08,4,11,0,0,0,0,,0,0,,0
2024-11-09,5,11,1,0,0,1,,0,0,,0
2024-11-10,6,11,1,0,0,1,,0,0,,0
2024-11-11,0,11,0,0,0,0,,0,0,,0
2024-11-12,1,11,0,0,0,0,,0,0,,0
2024-11-13,2,11,0,0,0,0,,0,0,,0
2024-11-14,3,11,0,0,0,0,,0,0,,0
2024-11-15,4,11,0,0,0,0,,0,0,,0
2024-11-16,5,11,1,0,0,1,,0,0,,0
2024-11-17,6,11,1,0,0,1,,0,0,,0
2024-11-18,0,11,0,0,0,0,,0,0,,0
2024-11-19,1,11,0,0,0,0,,0,0,,0
2024-11-20,2,11,0,0,0,0,,0,0,,0
2024-11-21,3,11,0,0,0,0,,0,0,,0
2024-11-22,4,11,0,0,0,0,,0,0,,0
2024-11-23,5,11,1,0,0,1,,0,0,,0
2024-11-24,6,11,1,0,0,1,,0,0,,0
2024-11-25,0,11,0,0,0,0,,0,0,,0
2024-11-26,1,11,0,0,0,0,,0,0,,0
2024-11-27,2,11,0,0,0,0,,0,0,,0
2024-11-28,3,11,0,0,0,0,,0,0,,0
2024-11-29,4,11,0,0,0,0,,0,0,,0
2024-11-30,5,11,1,0,0,1,,0,0,,0
2024-12-01,6,12,1,0,0,1,,0,0,,0
2024-12-02,0,12,0,0,0,0,,0,0,,0
2024-12-03,1,12,0,0,0,0,,0,0,,0
2024-12-04,2,12,0,0,0,0,,0,0,,0
2024-12-05,3,12,0,0,0,0,,0,0,,0
2024-12-06,4,12,0,0,0,0,,0,0,,0
2024-12-07,5,12,1,0,0,1,,0,0,,0
2024-12-08,6,12,1,0,0,1,,0,0,,0
2024-12-09,0,12,0,0,0,0,,0,0,,0
2024-12-10,1,12,0,0,0,0,,0,0,,0
2024-12-11,2,12,0,0,0,0,,0,0,,0
2024-12-12,3,12,0,0,0,0,,0,0,,0
2024-12-13,4,12,0,0,0,0,,0,0,,0
2024-12-14,5,12,1,0,0,1,,0,0,,0
2024-12-15,6,12,1,0,0,1,,0,0,,0
2024-12-16,0,12,0,0,0,0,,0,0,,0
2024-12-17,1,12,0,0,0,0,,0,0,,0
2024-12-18,2,12,0,0,0,0,,0,0,,0
2024-12-19,3,12,0,0,0,0,,0,0,,0
2024-12-20,4,12,0,0,0,0,,0,0,,0
2024-12-21,5,12,1,0,0,1,,0,0,,0
2024-12-22,6,12,1,0,0,1,,0,0,,0
2024-12-23,0,12,0,0,0,0,,0,0,,0
2024-12-24,1,12,0,0,0,0,,0,0,,0
2024-12-25,2,12,0,0,0,0,,0,0,,0
2024-12-26,3,12,0,0,0,0,,0,0,,0
2024-12-27,4,12,0,0,0,0,,0,0,,0
2024-12-28,5,12,1,0,0,1,,0,0,,0
2024-12-29,6,12,1,0,0,1,,0,0,,0
2024-12-30,0,12,0,0,0,0,,0,0,,0
2024-12-31,1,12,0,0,0,0,,0,0,,1
2025-01-01,2,1,0,1,0,1,開國紀念日,0,0,,0
2025-01-02,3,1,0,0,0,0,,0,0,,0
2025-01-03,4,1,0,0,0,0,,0,0,,0
2025-01-04,5,1,1,0,0,1,,0,0,,0
2025-01-05,6,1,1,0,0,1,,0,0,,0
2025-01-06,0,1,0,0,0,0,,0,0,,0
2025-01-07,1,1,0,0,0,0,,0,0,,0
2025-01-08,2,1,0,0,0,0,,0,0,,0
2025-01-09,3,1,0,0,0,0,,0,0,,0
2025-01-10,4,1,0,0,0,0,,0,0,,0
2025-01-11,5,1,1,0,0,1,,0,0,,0
2025-01-12,6,1,1,0,0,1,,0,0,,0
2025-01-13,0,1,0,0,0,0,,0,0,,0
2025-01-14,1,1,0,0,0,0,,0,0,,0
2025-01-15,2,1,0,0,0,0,,0,0,,0
2025-01-16,3,1,0,0,0,0,,0,0,,0
2025-01-17,4,1,0,0,0,0,,0,0,,0
2025-01-18,5,1,1,0,0,1,,0,0,,0
2025-01-19,6,1,1,0,0,1,,0,0,,0
2025-01-20,0,1,0,0,0,0,,0,0,,0
2025-01-21,1,1,0,0,0,0,,0,0,,0
2025-01-22,2,1,0,0,0,0,,0,0,,0
2025-01-23,3,1,0,0,0,0,,0,0,,0
2025-01-24,4,1,0,0,0,0,,0,0,,0
2025-01-25,5,1,1,0,0,1,,0,0,,0
2025-01-26,6,1,1,0,0,1,,0,0,,0
2025-01-27,0,1,0,1,0,1,小年夜,0,0,,0
2025-01-28,1,1,0,1,0,1,農曆除夕,1,0,,0
2025-01-29,2,1,0,1,0,1,春節,1,0,,0
2025-01-30,3,1,0,1,0,1,春節,1,0,,0
2025-01-31,4,1,0,1,0,1,春節,1,0,,0
2025-02-01,5,2,1,0,0,1,,0,0,,0
2025-02-02,6,2,1,0,0,1,,0,0,,0
2025-02-03,0,2,0,0,0,0,,0,0,,0
2025-02-04,1,2,0,0,0,0,,0,0,,0
2025-02-05,2,2,0,0,0,0,,0,0,,0
2025-02-06,3,2,0,0,0,0,,0,0,,0
2025-02-07,4,2,0,0,0,0,,0,0,,0
2025-02-08,5,2,1,0,1,0,,0,0,,0
2025-02-09,6,2,1,0,0,1,,0,0,,0
2025-02-10,0,2,0,0,0,0,,0,0,,0
2025-02-11,1,2,0,0,0,0,,0,0,,0
2025-02-12,2,2,0,0,0,0,,0,0,,0
2025-02-13,3,2,0,0,0,0,,0,0,,0
2025-02-14,4,2,0,0,0,0,,0,0,,0
2025-02-15,5,2,1,0,0,1,,0,0,,0
2025-02-16,6,2,1,0,0,1,,0,0,,0
2025-02-17,0,2,0,0,0,0,,0,0,,0
2025-02-18,1,2,0,0,0,0,,0,0,,0
2025-02-19,2,2,0,0,0,0,,0,0,,0
2025-02-20,3,2,0,0,0,0,,0,0,,0
2025-02-21,4,2,0,0,0,0,,0,0,,0
2025-02-22,5,2,1,0,0,1,,0,0,,0
2025-02-23,6,2,1,0,0,1,,0,0,,0
2025-02-24,0,2,0,0,0,0,,0,0,,0
2025-02-25,1,2,0,0,0,0,,0,0,,0
2025-02-26,2,2,0,0,0,0,,0,0,,0
2025-02-27,3,2,0,0,0,0,,0,0,,0
2025-02-28,4,2,0,1,0,1,和平紀念日,0,0,,0
2025-03-01,5,3,1,0,0,1,,0,0,,0
2025-03-02,6,3,1,0,0,1,,0,0,,0
2025-03-03,0,3,0,0,0,0,,0,0,,0
2025-03-04,1,3,0,0,0,0,,0,0,,0
2025-03-05,2,3,0,0,0,0,,0,0,,0
2025-03-06,3,3,0,0,0,0,,0,0,,0
2025-03-07,4,3,0,0,0,0,,0,0,,0
2025-03-08,5,3,1,0,0,1,,0,0,,0
2025-03-09,6,3,1,0,0,1,,0,0,,0
2025-03-10,0,3,0,0,0,0,,0,0,,0
2025-03-11,1,3,0,0,0,0,,0,0,,0
2025-03-12,2,3,0,0,0,0,,0,0,,0
2025-03-13,3,3,0,0,0,0,,0,0,,0
2025-03-14,4,3,0,0,0,0,,0,0,,0
2025-03-15,5,3,1,0,0,1,,0,0,,0
2025-03-16,6,3,1,0,0,1,,0,0,,0
2025-03-17,0,3,0,0,0,0,,0,0,,0
2025-03-18,1,3,0,0,0,0,,0,0,,0
2025-03-19,2,3,0,0,0,0,,0,0,,0
2025-03-20,3,3,0,0,0,0,,0,0,,0
2025-03-21,4,3,0,0,0,0,,0,0,,0
2025-03-22,5,3,1,0,0,1,,0,0,,0
2025-03-23,6,3,1,0,0,1,,0,0,,0
2025-03-24,0,3,0,0,0,0,,0,0,,0
2025-03-25,1,3,0,0,0,0,,0,0,,0
2025-03-26,2,3,0,0,0,0,,0,0,,0
2025-03-27,3,3,0,0,0,0,,0,0,,0
2025-03-28,4,3,0,0,0,0,,0,0,,0
2025-03-29,5,3,1,0,0,1,,0,0,,0
2025-03-30,6,3,1,0,0,1,,0,0,,0
2025-03-31,0,3,0,0,0,0,,0,0,,0
2025-04-01,1,4,0,0,0,0,,0,0,,0
2025-04-02,2,4,0,0,0,0,,0,0,,0
2025-04-03,3,4,0,1,0,1,補假,0,0,,0
2025-04-04,4,4,0,1,0,1,兒童節及民族掃墓節,0,0,,0
2025-04-05,5,4,1,0,0,1,,0,0,,0
2025-04-06,6,4,1,0,0,1,,0,0,,0
2025-04-07,0,4,0,0,0,0,,0,0,,0
2025-04-08,1,4,0,0,0,0,,0,0,,0
2025-04-09,2,4,0,0,0,0,,0,0,,0
2025-04-10,3,4,0,0,0,0,,0,0,,0
2025-04-11,4,4,0,0,0,0,,0,0,,0
2025-04-12,5,4,1,0,0,1,,0,0,,0
2025-04-13,6,4,1,0,0,1,,0,0,,0
2025-04-14,0,4,0,0,0,0,,0,0,,0
2025-04-15,1,4,0,0,0,0,,0,0,,0
2025-04-16,2,4,0,0,0,0,,0,0,,0
2025-04-17,3,4,0,0,0,0,,0,0,,0
2025-04-18,4,4,0,0,0,0,,0,0,,0
2025-04-19,5,4,1,0,0,1,,0,0,,0
2025-04-20,6,4,1,0,0,1,,0,0,,0
2025-04-21,0,4,0,0,0,0,,0,0,,0
2025-04-22,1,4,0,0,0,0,,0,0,,0
2025-04-23,2,4,0,0,0,0,,0,0,,0
2025-04-24,3,4,0,0,0,0,,0,0,,0
2025-04-25,4,4,0,0,0,0,,0,0,,0
2025-04-26,5,4,1,0,0,1,,0,0,,0
2025-04-27,6,4,1,0,0,1,,0,0,,0
2025-04-28,0,4,0,0,0,0,,0,0,,0
2025-04-29,1,4,0,0,0,0,,0,0,,0
2025-04-30,2,4,0,0,0,0,,0,0,,0
2025-05-01,3,5,0,0,0,0,,0,0,,0
2025-05-02,4,5,0,0,0,0,,0,0,,0
2025-05-03,5,5,1,0,0,1,,0,0,,0
2025-05-04,6,5,1,0,0,1,,0,0,,0
2025-05-05,0,5,0,0,0,0,,0,0,,0
2025-05-06,1,5,0,0,0,0,,0,0,,0
2025-05-07,2,5,0,0,0,0,,0,0,,0
2025-05-08,3,5,0,0,0,0,,0,0,,0
2025-05-09,4,5,0,0,0,0,,0,0,,0
2025-05-10,5,5,1,0,0,1,,0,0,,0
2025-05-11,6,5,1,0,0,1,,0,0,,0
2025-05-12,0,5,0,0,0,0,,0,0,,0
2025-05-13,1,5,0,0,0,0,,0,0,,0
2025-05-14,2,5,0,0,0,0,,0,0,,0
2025-05-15,3,5,0,0,0,0,,0,0,,0
2025-05-16,4,5,0,0,0,0,,0,0,,0
2025-05-17,5,5,1,0,0,1,,0,0,,0
2025-05-18,6,5,1,0,0,1,,0,0,,0
2025-05-19,0,5,0,0,0,0,,0,0,,0
2025-05-20,1,5,0,0,0,0,,0,0,,0
2025-05-21,2,5,0,0,0,0,,0,0,,0
2025-05-22,3,5,0,0,0,0,,0,0,,0
2025-05-23,4,5,0,0,0,0,,0,0,,0
2025-05-24,5,5,1,0,0,1,,0,0,,0
2025-05-25,6,5,1,0,0,1,,0,0,,0
2025-05-26,0,5,0,0,0,0,,0,0,,0
2025-05-27,1,5,0,0,0,0,,0,0,,0
2025-05-28,2,5,0,0,0,0,,0,0,,0
2025-05-29,3,5,0,0,0,0,,0,0,,0
2025-05-30,4,5,0,1,0,1,補假,0,0,,0
2025-05-31,5,5,1,0,0,1,端午節,0,0,,0
2025-06-01,6,6,1,0,0,1,,0,0,,0
2025-06-02,0,6,0,0,0,0,,0,0,,0
2025-06-03,1,6,0,0,0,0,,0,0,,0
2025-06-04,2,6,0,0,0,0,,0,0,,0
2025-06-05,3,6,0,0,0,0,,0,0,,0
2025-06-06,4,6,0,0,0,0,,0,0,,0
2025-06-07,5,6,1,0,0,1,,0,0,,0
2025-06-08,6,6,1,0,0,1,,0,0,,0
2025-06-09,0,6,0,0,0,0,,0,0,,0
2025-06-10,1,6,0,0,0,0,,0,0,,0
2025-06-11,2,6,0,0,0,0,,0,0,,0
2025-06-12,3,6,0,0,0,0,,0,0,,0
2025-06-13,4,6,0,0,0,0,,0,0,,0
2025-06-14,5,6,1,0,0,1,,0,0,,0
2025-06-15,6,6,1,0,0,1,,0,0,,0
2025-06-16,0,6,0,0,0,0,,0,0,,0
2025-06-17,1,6,0,0,0,0,,0,0,,0
2025-06-18,2,6,0,0,0,0,,0,0,,0
2025-06-19,3,6,0,0,0,0,,0,0,,0
2025-06-20,4,6,0,0,0,0,,0,0,,0
2025-06-21,5,6,1,0,0,1,,0,0,,0
2025-06-22,6,6,1,0,0,1,,0,0,,0
2025-06-23,0,6,0,0,0,0,,0,0,,0
2025-06-24,1,6,0,0,0,0,,0,0,,0
2025-06-25,2,6,0,0,0,0,,0,0,,0
2025-06-26,3,6,0,0,0,0,,0,0,,0
2025-06-27,4,6,0,0,0,0,,0,0,,0
2025-06-28,5,6,1,0,0,1,,0,0,,0
2025-06-29,6,6,1,0,0,1,,0,0,,0
2025-06-30,0,6,0,0,0,0,,0,0,,0
2025-07-01,1,7,0,0,0,0,,0,0,,0
2025-07-02,2,7,0,0,0,0,,0,0,,0
2025-07-03,3,7,0,0,0,0,,0,0,,0
2025-07-04,4,7,0,0,0,0,,0,0,,0
2025-07-05,5,7,1,0,0,1,,0,0,,0
2025-07-06,6,7,1,0,0,1,,0,0,,0
2025-07-07,0,7,0,0,0,0,,0,0,,0
2025-07-08,1,7,0,0,0,0,,0,0,,0
2025-07-09,2,7,0,0,0,0,,0,0,,0
2025-07-10,3,7,0,0,0,0,,0,0,,0
2025-07-11,4,7,0,0,0,0,,0,0,,0
2025-07-12,5,7,1,0,0,1,,0,0,,0
2025-07-13,6,7,1,0,0,1,,0,0,,0
2025-07-14,0,7,0,0,0,0,,0,0,,0
2025-07-15,1,7,0,0,0,0,,0,0,,0
2025-07-16,2,7,0,0,0,0,,0,0,,0
2025-07-17,3,7,0,0,0,0,,0,0,,0
2025-07-18,4,7,0,0,0,0,,0,0,,0
2025-07-19,5,7,1,0,0,1,,0,0,,0
2025-07-20,6,7,1,0,0,1,,0,0,,0
2025-07-21,0,7,0,0,0,0,,0,0,,0
2025-07-22,1,7,0,0,0,0,,0,0,,0
2025-07-23,2,7,0,0,0,0,,0,0,,0
2025-07-24,3,7,0,0,0,0,,0,0,,0
2025-07-25,4,7,0,0,0,0,,0,0,,0
2025-07-26,5,7,1,0,0,1,,0,0,,0
2025-07-27,6,7,1,0,0,1,,0,0,,0
2025-07-28,0,7,0,0,0,0,,0,0,,0
2025-07-29,1,7,0,0,0,0,,0,0,,0
2025-07-30,2,7,0,0,0,0,,0,0,,0
2025-07-31,3,7,0,0,0,0,,0,0,,0
2025-08-01,4,8,0,0,0,0,,0,0,,0
2025-08-02,5,8,1,0,0,1,,0,0,,0
2025-08-03,6,8,1,0,0,1,,0,0,,0
2025-08-04,0,8,0,0,0,0,,0,0,,0
2025-08-05,1,8,0,0,0,0,,0,0,,0
2025-08-06,2,8,0,0,0,0,,0,0,,0
2025-08-07,3,8,0,0,0,0,,0,0,,0
2025-08-08,4,8,0,0,0,0,,0,0,,0
2025-08-09,5,8,1,0,0,1,,0,0,,0
2025-08-10,6,8,1,0,0,1,,0,0,,0
2025-08-11,0,8,0,0,0,0,,0,0,,0
2025-08-12,1,8,0,0,0,0,,0,0,,0
2025-08-13,2,8,0,0,0,0,,0,0,,0
2025-08-14,3,8,0,0,0,0,,0,0,,0
2025-08-15,4,8,0,0,0,0,,0,0,,0
2025-08-16,5,8,1,0,0,1,,0,0,,0
2025-08-17,6,8,1,0,0,1,,0,0,,0
2025-08-18,0,8,0,0,0,0,,0,0,,0
2025-08-19,1,8,0,0,0,0,,0,0,,0
2025-08-20,2,8,0,0,0,0,,0,0,,0
2025-08-21,3,8,0,0,0,0,,0,0,,0
2025-08-22,4,8,0,0,0,0,,0,0,,0
2025-08-23,5,8,1,0,0,1,,0,0,,0
2025-08-24,6,8,1,0,0,1,,0,0,,0
2025-08-25,0,8,0,0,0,0,,0,0,,0
2025-08-26,1,8,0,0,0,0,,0,0,,0
2025-08-27,2,8,0,0,0,0,,0,0,,0
2025-08-28,3,8,0,0,0,0,,0,0,,0
2025-08-29,4,8,0,0,0,0,,0,0,,0
2025-08-30,5,8,1,0,0,1,,0,0,,0
2025-08-31,6,8,1,0,0,1,,0,0,,0
2025-09-01,0,9,0,0,0,0,,0,0,,0
2025-09-02,1,9,0,0,0,0,,0,0,,0
2025-09-03,2,9,0,0,0,0,,0,0,,0
2025-09-04,3,9,0,0,0,0,,0,0,,0
2025-09-05,4,9,0,0,0,0,,0,0,,0
2025-09-06,5,9,1,0,0,1,,0,0,,0
2025-09-07,6,9,1,0,0,1,,0,0,,0
2025-09-08,0,9,0,0,0,0,,0,0,,0
2025-09-09,1,9,0,0,0,0,,0,0,,0
2025-09-10,2,9,0,0,0,0,,0,0,,0
2025-09-11,3,9,0,0,0,0,,0,0,,0
2025-09-12,4,9,0,0,0,0,,0,0,,0
2025-09-13,5,9,1,0,0,1,,0,0,,0
2025-09-14,6,9,1,0,0,1,,0,0,,0
2025-09-15,0,9,0,0,0,0,,0,0,,0
2025-09-16,1,9,0,0,0,0,,0,0,,0
2025-09-17,2,9,0,0,0,0,,0,0,,0
2025-09-18,3,9,0,0,0,0,,0,0,,0
2025-09-19,4,9,0,0,0,0,,0,0,,0
2025-09-20,5,9,1,0,0,1,,0,0,,0
2025-09-21,6,9,1,0,0,1,,0,0,,0
2025-09-22,0,9,0,0,0,0,,0,0,,0
2025-09-23,1,9,0,0,0,0,,0,0,,0
2025-09-24,2,9,0,0,0,0,,0,0,,0
2025-09-25,3,9,0,0,0,0,,0,0,,0
2025-09-26,4,9,0,0,0,0,,0,0,,0
2025-09-27,5,9,1,0,0,1,,0,0,,0
2025-09-28,6,9,1,0,0,1,孔子誕辰紀念日,0,0,,0
2025-09-29,0,9,0,1,0,1,補假,0,0,,0
2025-09-30,1,9,0,0,0,0,,0,0,,0
2025-10-01,2,10,0,0,0,0,,0,0,,0
2025-10-02,3,10,0,0,0,0,,0,0,,0
2025-10-03,4,10,0,0,0,0,,0,0,,0
2025-10-04,5,10,1,0,0,1,,0,0,,0
2025-10-05,6,10,1,0,0,1,,0,0,,0
2025-10-06,0,10,0,1,0,1,中秋節,0,0,,0
2025-10-07,1,10,0,0,0,0,,0,0,,0
2025-10-08,2,10,0,0,0,0,,0,0,,0
2025-10-09,3,10,0,0,0,0,,0,0,,0
2025-10-10,4,10,0,1,0,1,國慶日,0,0,,0
2025-10-11,5,10,1,0,0,1,,0,0,,0
2025-10-12,6,10,1,0,0,1,,0,0,,0
2025-10-13,0,10,0,0,0,0,,0,0,,0
2025-10-14,1,10,0,0,0,0,,0,0,,0
2025-10-15,2,10,0,0,0,0,,0,0,,0
2025-10-16,3,10,0,0,0,0,,0,0,,0
2025-10-17,4,10,0,0,0,0,,0,0,,0
2025-10-18,5,10,1,0,0,1,,0,0,,0
2025-10-19,6,10,1,0,0,1,,0,0,,0
2025-10-20,0,10,0,0,0,0,,0,0,,0
2025-10-21,1,10,0,0,0,0,,0,0,,0
2025-10-22,2,10,0,0,0,0,,0,0,,0
2025-10-23,3,10,0,0,0,0,,0,0,,0
2025-10-24,4,10,0,1,0,1,補假,0,0,,0
2025-10-25,5,10,1,0,0,1,臺灣光復節,0,0,,0
2025-10-26,6,10,1,0,0,1,,0,0,,0
2025-10-27,0,10,0,0,0,0,,0,0,,0
2025-10-28,1,10,0,0,0,0,,0,0,,0
2025-10-29,2,10,0,0,0,0,,0,0,,0
2025-10-30,3,10,0,0,0,0,,0,0,,0
2025-10-31,4,10,0,0,0,0,,0,0,,0
2025-11-01,5,11,1,0,0,1,,0,0,,0
2025-11-02,6,11,1,0,0,1,,0,0,,0
2025-11-03,0,11,0,0,0,0,,0,0,,0
2025-11-04,1,11,0,0,0,0,,0,0,,0
2025-11-05,2,11,0,0,0,0,,0,0,,0
2025-11-06,3,11,0,0,0,0,,0,0,,0
2025-11-07,4,11,0,0,0,0,,0,0,,0
2025-11-08,5,11,1,0,0,1,,0,0,,0
2025-11-09,6,11,1,0,0,1,,0,0,,0
2025-11-10,0,11,0,0,0,0,,0,0,,0
2025-11-11,1,11,0,0,0,0,,0,0,,0
2025-11-12,2,11,0,0,0,0,,0,0,,0
2025-11-13,3,11,0,0,0,0,,0,0,,0
2025-11-14,4,11,0,0,0,0,,0,0,,0
2025-11-15,5,11,1,0,0,1,,0,0,,0
2025-11-16,6,11,1,0,0,1,,0,0,,0
2025-11-17,0,11,0,0,0,0,,0,0,,0
2025-11-18,1,11,0,0,0,0,,0,0,,0
2025-11-19,2,11,0,0,0,0,,0,0,,0
2025-11-20,3,11,0,0,0,0,,0,0,,0
2025-11-21,4,11,0,0,0,0,,0,0,,0
2025-11-22,5,11,1,0,0,1,,0,0,,0
2025-11-23,6,11,1,0,0,1,,0,0,,0
2025-11-24,0,11,0,0,0,0,,0,0,,0
2025-11-25,1,11,0,0,0,0,,0,0,,0
2025-11-26,2,11,0,0,0,0,,0,0,,0
2025-11-27,3,11,0,0,0,0,,0,0,,0
2025-11-28,4,11,0,0,0,0,,0,0,,0
2025-11-29,5,11,1,0,0,1,,0,0,,0
2025-11-30,6,11,1,0,0,1,,0,0,,0
2025-12-01,0,12,0,0,0,0,,0,0,,0
2025-12-02,1,12,0,0,0,0,,0,0,,0
2025-12-03,2,12,0,0,0,0,,0,0,,0
2025-12-04,3,12,0,0,0,0,,0,0,,0
2025-12-05,4,12,0,0,0,0,,0,0,,0
2025-12-06,5,12,1,0,0,1,,0,0,,0
2025-12-07,6,12,1,0,0,1,,0,0,,0
2025-12-08,0,12,0,0,0,0,,0,0,,0
2025-12-09,1,12,0,0,0,0,,0,0,,0
2025-12-10,2,12,0,0,0,0,,0,0,,0
2025-12-11,3,12,0,0,0,0,,0,0,,0
2025-12-12,4,12,0,0,0,0,,0,0,,0
2025-12-13,5,12,1,0,0,1,,0,0,,0
2025-12-14,6,12,1,0,0,1,,0,0,,0
2025-12-15,0,12,0,0,0,0,,0,0,,0
2025-12-16,1,12,0,0,0,0,,0,0,,0
2025-12-17,2,12,0,0,0,0,,0,0,,0
2025-12-18,3,12,0,0,0,0,,0,0,,0
2025-12-19,4,12,0,0,0,0,,0,0,,0
2025-12-20,5,12,1,0,0,1,,0,0,,0
2025-12-21,6,12,1,0,0,1,,0,0,,0
2025-12-22,0,12,0,0,0,0,,0,0,,0
2025-12-23,1,12,0,0,0,0,,0,0,,0
2025-12-24,2,12,0,0,0,0,,0,0,,0
2025-12-25,3,12,0,1,0,1,行憲紀念日,0,0,,0
2025-12-26,4,12,0,0,0,0,,0,0,,0
2025-12-27,5,12,1,0,0,1,,0,0,,0
2025-12-28,6,12,1,0,0,1,,0,0,,0
2025-12-29,0,12,0,0,0,0,,0,0,,0
2025-12-30,1,12,0,0,0,0,,0,0,,0
2025-12-31,2,12,0,0,0,0,,0,0,,1
2026-01-01,3,1,0,1,0,1,開國紀念日,0,0,,0
2026-01-02,4,1,0,0,0,0,,0,0,,0
2026-01-03,5,1,1,0,0,1,,0,0,,0
2026-01-04,6,1,1,0,0,1,,0,0,,0
2026-01-05,0,1,0,0,0,0,,0,0,,0
2026-01-06,1,1,0,0,0,0,,0,0,,0
2026-01-07,2,1,0,0,0,0,,0,0,,0
2026-01-08,3,1,0,0,0,0,,0,0,,0
2026-01-09,4,1,0,0,0,0,,0,0,,0
2026-01-10,5,1,1,0,0,1,,0,0,,0
2026-01-11,6,1,1,0,0,1,,0,0,,0
2026-01-12,0,1,0,0,0,0,,0,0,,0
2026-01-13,1,1,0,0,0,0,,0,0,,0
2026-01-14,2,1,0,0,0,0,,0,0,,0
2026-01-15,3,1,0,0,0,0,,0,0,,0
2026-01-16,4,1,0,0,0,0,,0,0,,0
2026-01-17,5,1,1,0,0,1,,0,0,,0
2026-01-18,6,1,1,0,0,1,,0,0,,0
2026-01-19,0,1,0,0,0,0,,0,0,,0
2026-01-20,1,1,0,0,0,0,,0,0,,0
2026-01-21,2,1,0,0,0,0,,0,0,,0
2026-01-22,3,1,0,0,0,0,,0,0,,0
2026-01-23,4,1,0,0,0,0,,0,0,,0
2026-01-24,5,1,1,0,0,1,,0,0,,0
2026-01-25,6,1,1,0,0,1,,0,0,,0
2026-01-26,0,1,0,0,0,0,,0,0,,0
2026-01-27,1,1,0,0,0,0,,0,0,,0
2026-01-28,2,1,0,0,0,0,,0,0,,0
2026-01-29,3,1,0,0,0,0,,0,0,,0
2026-01-30,4,1,0,0,0,0,,0,0,,0
2026-01-31,5,1,1,0,0,1,,0,0,,0
2026-02-01,6,2,1,0,0,1,,0,0,,0
2026-02-02,0,2,0,0,0,0,,0,0,,0
2026-02-03,1,2,0,0,0,0,,0,0,,0
2026-02-04,2,2,0,0,0,0,,0,0,,0
2026-02-05,3,2,0,0,0,0,,0,0,,0
2026-02-06,4,2,0,0,0,0,,0,0,,0
2026-02-07,5,2,1,0,0,1,,0,0,,0
2026-02-08,6,2,1,0,0,1,,0,0,,0
2026-02-09,0,2,0,0,0,0,,0,0,,0
2026-02-10,1,2,0,0,0,0,,0,0,,0
2026-02-11,2,2,0,0,0,0,,0,0,,0
2026-02-12,3,2,0,0,0,0,,0,0,,0
2026-02-13,4,2,0,0,0,0,,0,0,,0
2026-02-14,5,2,1,0,0,1,,0,0,,0
2026-02-15,6,2,1,0,0,1,小年夜,0,0,,0
2026-02-16,0,2,0,1,0,1,農曆除夕,1,0,,0
2026-02-17,1,2,0,1,0,1,春節,1,0,,0
2026-02-18,2,2,0,1,0,1,春節,1,0,,0
2026-02-19,3,2,0,1,0,1,春節,1,0,,0
2026-02-20,4,2,0,1,0,1,補假,0,0,,0
2026-02-21,5,2,1,0,0,1,,0,0,,0
2026-02-22,6,2,1,0,0,1,,0,0,,0
2026-02-23,0,2,0,0,0,0,,0,0,,0
2026-02-24,1,2,0,0,0,0,,0,0,,0
2026-02-25,2,2,0,0,0,0,,0,0,,0
2026-02-26,3,2,0,0,0,0,,0,0,,0
2026-02-27,4,2,0,1,0,1,補假,0,0,,0
2026-02-28,5,2,1,0,0,1,和平紀念日,0,0,,0
2026-03-01,6,3,1,0,0,1,,0,0,,0
2026-03-02,0,3,0,0,0,0,,0,0,,0
2026-03-03,1,3,0,0,0,0,,0,0,,0
2026-03-04,2,3,0,0,0,0,,0,0,,0
2026-03-05,3,3,0,0,0,0,,0,0,,0
2026-03-06,4,3,0,0,0,0,,0,0,,0
2026-03-07,5,3,1,0,0,1,,0,0,,0
2026-03-08,6,3,1,0,0,1,,0,0,,0
2026-03-09,0,3,0,0,0,0,,0,0,,0
2026-03-10,1,3,0,0,0,0,,0,0,,0
2026-03-11,2,3,0,0,0,0,,0,0,,0
2026-03-12,3,3,0,0,0,0,,0,0,,0
2026-03-13,4,3,0,0,0,0,,0,0,,0
2026-03-14,5,3,1,0,0,1,,0,0,,0
2026-03-15,6,3,1,0,0,1,,0,0,,0
2026-03-16,0,3,0,0,0,0,,0,0,,0
2026-03-17,1,3,0,0,0,0,,0,0,,0
2026-03-18,2,3,0,0,0,0,,0,0,,0
2026-03-19,3,3,0,0,0,0,,0,0,,0
2026-03-20,4,3,0,0,0,0,,0,0,,0
2026-03-21,5,3,1,0,0,1,,0,0,,0
2026-03-22,6,3,1,0,0,1,,0,0,,0
2026-03-23,0,3,0,0,0,0,,0,0,,0
2026-03-24,1,3,0,0,0,0,,0,0,,0
2026-03-25,2,3,0,0,0,0,,0,0,,0
2026-03-26,3,3,0,0,0,0,,0,0,,0
2026-03-27,4,3,0,0,0,0,,0,0,,0
2026-03-28,5,3,1,0,0,1,,0,0,,0
2026-03-29,6,3,1,0,0,1,,0,0,,0
2026-03-30,0,3,0,0,0,0,,0,0,,0
2026-03-31,1,3,0,0,0,0,,0,0,,0
2026-04-01,2,4,0,0,0,0,,0,0,,0
2026-04-02,3,4,0,0,0,0,,0,0,,0
2026-04-03,4,4,0,1,0,1,補假,0,0,,0
2026-04-04,5,4,1,0,0,1,兒童節,0,0,,0
2026-04-05,6,4,1,0,0,1,清明節,0,0,,0
2026-04-06,0,4,0,1,0,1,補假,0,0,,0
2026-04-07,1,4,0,0,0,0,,0,0,,0
2026-04-08,2,4,0,0,0,0,,0,0,,0
2026-04-09,3,4,0,0,0,0,,0,0,,0
2026-04-10,4,4,0,0,0,0,,0,0,,0
2026-04-11,5,4,1,0,0,1,,0,0,,0
2026-04-12,6,4,1,0,0,1,,0,0,,0
2026-04-13,0,4,0,0,0,0,,0,0,,0
2026-04-14,1,4,0,0,0,0,,0,0,,0
2026-04-15,2,4,0,0,0,0,,0,0,,0
2026-04-16,3,4,0,0,0,0,,0,0,,0
2026-04-17,4,4,0,0,0,0,,0,0,,0
2026-04-18,5,4,1,0,0,1,,0,0,,0
2026-04-19,6,4,1,0,0,1,,0,0,,0
2026-04-20,0,4,0,0,0,0,,0,0,,0
2026-04-21,1,4,0,0,0,0,,0,0,,0
2026-04-22,2,4,0,0,0,0,,0,0,,0
2026-04-23,3,4,0,0,0,0,,0,0,,0
2026-04-24,4,4,0,0,0,0,,0,0,,0
2026-04-25,5,4,1,0,0,1,,0,0,,0
2026-04-26,6,4,1,0,0,1,,0,0,,0
2026-04-27,0,4,0,0,0,0,,0,0,,0
2026-04-28,1,4,0,0,0,0,,0,0,,0
2026-04-29,2,4,0,0,0,0,,0,0,,0
2026-04-30,3,4,0,0,0,0,,0,0,,0
2026-05-01,4,5,0,1,0,1,勞動節,0,0,,0
2026-05-02,5,5,1,0,0,1,,0,0,,0
2026-05-03,6,5,1,0,0,1,,0,0,,0
2026-05-04,0,5,0,0,0,0,,0,0,,0
2026-05-05,1,5,0,0,0,0,,0,0,,0
2026-05-06,2,5,0,0,0,0,,0,0,,0
2026-05-07,3,5,0,0,0,0,,0,0,,0
2026-05-08,4,5,0,0,0,0,,0,0,,0
2026-05-09,5,5,1,0,0,1,,0,0,,0
2026-05-10,6,5,1,0,0,1,,0,0,,0
2026-05-11,0,5,0,0,0,0,,0,0,,0
2026-05-12,1,5,0,0,0,0,,0,0,,0
2026-05-13,2,5,0,0,0,0,,0,0,,0
2026-05-14,3,5,0,0,0,0,,0,0,,0
2026-05-15,4,5,0,0,0,0,,0,0,,0
2026-05-16,5,5,1,0,0,1,,0,0,,0
2026-05-17,6,5,1,0,0,1,,0,0,,0
2026-05-18,0,5,0,0,0,0,,0,0,,0
2026-05-19,1,5,0,0,0,0,,0,0,,0
2026-05-20,2,5,0,0,0,0,,0,0,,0
2026-05-21,3,5,0,0,0,0,,0,0,,0
2026-05-22,4,5,0,0,0,0,,0,0,,0
2026-05-23,5,5,1,0,0,1,,0,0,,0
2026-05-24,6,5,1,0,0,1,,0,0,,0
2026-05-25,0,5,0,0,0,0,,0,0,,0
2026-05-26,1,5,0,0,0,0,,0,0,,0
2026-05-27,2,5,0,0,0,0,,0,0,,0
2026-05-28,3,5,0,0,0,0,,0,0,,0
2026-05-29,4,5,0,0,0,0,,0,0,,0
2026-05-30,5,5,1,0,0,1,,0,0,,0
2026-05-31,6,5,1,0,0,1,,0,0,,0
